Shared set	Keyword	Match type
Siam Scuba - Always Negative	free	Phrase
Siam Scuba - Always Negative	job	Phrase
Siam Scuba - Always Negative	jobs	Phrase
Siam Scuba - Always Negative	career	Phrase
Siam Scuba - Always Negative	careers	Phrase
Siam Scuba - Always Negative	salary	Phrase
Siam Scuba - Always Negative	hiring	Phrase
Siam Scuba - Always Negative	hire me	Phrase
Siam Scuba - Always Negative	instructor course	Phrase
Siam Scuba - Always Negative	instructor exam	Phrase
Siam Scuba - Always Negative	divemaster course	Phrase
Siam Scuba - Always Negative	divemaster jobs	Phrase
Siam Scuba - Always Negative	internship	Phrase
Siam Scuba - Always Negative	work in koh tao	Phrase
Siam Scuba - Always Negative	visa	Phrase
Siam Scuba - Always Negative	ipad	Phrase
Siam Scuba - Always Negative	review	Phrase
Siam Scuba - Always Negative	forum	Phrase
Siam Scuba - Always Negative	reddit	Phrase
Siam Scuba - Always Negative	wiki	Phrase
Siam Scuba - Always Negative	wikipedia	Phrase
Siam Scuba - Always Negative	death	Phrase
Siam Scuba - Always Negative	accident	Phrase
Siam Scuba - Always Negative	shark attack	Phrase
Siam Scuba - Always Negative	news	Phrase
Siam Scuba - Always Negative	youtube	Phrase
Siam Scuba - Always Negative	tiktok	Phrase
Siam Scuba - Always Negative	download	Phrase
Siam Scuba - Always Negative	pdf	Phrase
Siam Scuba - Always Negative	manual	Phrase
Siam Scuba - Always Negative	quiz	Phrase
Siam Scuba - Always Negative	test answers	Phrase
